{
    "headVec": {
        "x": -0.08625680208206177,
        "y": 1.3,
        "z": 0.0
    },
    "headQua": {
        "x": -0.09830356389284134,
        "y": 0.19419214129447938,
        "z": -0.01540316641330719,
        "w": -0.9759039878845215
    },
    "leftHandVec": { "x": 0.0, "y": 1.2000000476837159, "z": 0.0 },
    "leftHandQua": { "x": 0.0, "y": 0.0, "z": 0.0, "w": 1.0 },
    "rightHandVec": { "x": 0.0, "y": 1.2000000476837159, "z": 0.0 },
    "rightHandQua": { "x": 0.0, "y": 0.0, "z": 0.0, "w": 1.0 }
}
